{
  "type": "StandardScaler",
  "mean": 6.366770294982905,
  "scale": 1.8687354430919232,
  "var": 3.492172156267966
}