{
  "type": "StandardScaler",
  "mean": 6.366770299435743,
  "scale": 1.8687354523826274,
  "var": 3.4921721909917034
}