Name,REAL VALUE
108_219,3.552841969
108_221,5.22184875
108_222,4.283996656
108_223,3.13667714
108_224,2.978810701
50_438_501,0.992252222
50_438_508,1.015472687
50_438_514,1.441291429
243_067,0.538201442